{
    "INFOS_-_Chuan_Min_Wang_-_Introd" : {
        "Localisation": {
            "description" : "Localisation"
        },
        "Indication": {
            "description" : ["Indications", "Attention"]
        },
        "Remarques": {
            "description" : "Experience clinique"
        },
        "Protocoles": {
            "description" : "Protocole"
        },
        "Technique_aiguille": {
            "description" : "_Technique de l'aiguille"
        },
        "Division": {
            "id_division" : "zone"
        },
        "Sources": {
            "titre" : "source"
        }
    },
    "INFOS_-_Lectures_sur_lacupunctu" : {
        "Localisation": {
            "description" : "",
            "langue_localisation" : "",
            "image_localisation" : "",
            "image_ligne_de_puncture" : "",
            "note1" : "",
            "note2" : ""
        }
    },
    "INFOS_-_Atlas_pratique_de_lacup" : {
        "Localisation": {
            "description" : "",
            "langue_localisation" : "",
            "image_localisation" : "",
            "image_ligne_de_puncture" : "",
            "note1" : "",
            "note2" : ""
        }
    }
}